race,group,terrain,manufactured,floorMult,tractionFloor,creatureSpeed,barefoot,totalMult,baseTicks,moddedTicks,ratio
Human,Humanlike_Medium,Soil,no,1.000,1.000,1.000,1.000,1.000,13.0,13.0,1.000
Human,Humanlike_Medium,SoilRich,no,1.000,1.000,1.000,1.000,1.000,13.0,13.0,1.000
Human,Humanlike_Medium,MossyTerrain,no,1.000,1.000,1.000,1.000,1.000,13.0,13.0,1.000
Human,Humanlike_Medium,Gravel,no,1.000,1.000,1.000,0.880,0.880,13.0,14.8,1.136
Human,Humanlike_Medium,Sand,no,1.000,1.000,1.000,1.000,1.000,13.0,13.0,1.000
Human,Humanlike_Medium,SoftSand,no,1.000,1.000,1.000,1.000,1.000,13.0,13.0,1.000
Human,Humanlike_Medium,Mud,no,1.000,1.000,1.000,1.000,1.000,13.0,13.0,1.000
Human,Humanlike_Medium,MarshyTerrain,no,1.000,1.000,1.000,1.000,1.000,13.0,13.0,1.000
Human,Humanlike_Medium,Ice,no,1.000,1.000,1.000,0.900,0.900,13.0,14.5,1.111
Human,Humanlike_Medium,Riverbank,no,1.000,1.000,1.000,1.000,1.000,13.0,13.0,1.000
Human,Humanlike_Medium,PackedDirt,no,1.000,1.000,1.000,1.000,1.000,13.0,13.0,1.000
Human,Humanlike_Medium,BrokenAsphalt,no,1.000,1.000,1.000,0.920,0.920,13.0,14.2,1.087
Human,Humanlike_Medium,Sandstone_Rough,no,1.000,1.000,1.000,0.850,0.850,13.0,15.3,1.176
Human,Humanlike_Medium,Sandstone_RoughHewn,no,1.000,1.000,1.000,0.850,0.850,13.0,15.3,1.176
Human,Humanlike_Medium,Sandstone_Smooth,yes,1.150,1.150,1.000,1.000,1.150,13.0,11.3,0.870
Human,Humanlike_Medium,StrawMatting,yes,1.150,1.150,1.000,1.000,1.150,13.0,11.3,0.870
Human,Humanlike_Medium,WoodPlankFloor,yes,1.150,1.150,1.000,1.000,1.150,13.0,11.3,0.870
Human,Humanlike_Medium,Concrete,yes,1.150,1.150,1.000,1.000,1.150,13.0,11.3,0.870
Human,Humanlike_Medium,PavedTile,yes,1.150,1.150,1.000,1.000,1.150,13.0,11.3,0.870
Human,Humanlike_Medium,TileSandstone,yes,1.150,1.150,1.000,1.000,1.150,13.0,11.3,0.870
Human,Humanlike_Medium,FlagstoneSandstone,yes,1.150,1.150,1.000,1.000,1.150,13.0,11.3,0.870
Human,Humanlike_Medium,MetalTile,yes,1.150,1.150,1.000,1.000,1.150,13.0,11.3,0.870
Human,Humanlike_Medium,SilverTile,yes,1.150,1.150,1.000,1.000,1.150,13.0,11.3,0.870
Human,Humanlike_Medium,SterileTile,yes,1.150,1.150,1.000,1.000,1.150,13.0,11.3,0.870
Human,Humanlike_Medium,Bridge,yes,1.150,1.150,1.000,1.000,1.150,13.0,11.3,0.870
GuineaPig,Padded_Small,Soil,no,1.000,1.000,1.000,1.000,1.000,12.0,12.0,1.000
GuineaPig,Padded_Small,SoilRich,no,1.000,1.000,1.000,1.000,1.000,12.0,12.0,1.000
GuineaPig,Padded_Small,MossyTerrain,no,1.000,1.000,1.000,1.000,1.000,12.0,12.0,1.000
GuineaPig,Padded_Small,Gravel,no,1.000,1.000,1.000,1.000,1.000,12.0,12.0,1.000
GuineaPig,Padded_Small,Sand,no,1.000,1.000,1.000,1.000,1.000,12.0,12.0,1.000
GuineaPig,Padded_Small,SoftSand,no,1.000,1.000,1.000,1.000,1.000,12.0,12.0,1.000
GuineaPig,Padded_Small,Mud,no,1.000,1.000,1.000,1.000,1.000,12.0,12.0,1.000
GuineaPig,Padded_Small,MarshyTerrain,no,1.000,1.000,1.000,1.000,1.000,12.0,12.0,1.000
GuineaPig,Padded_Small,Ice,no,1.000,1.000,1.000,1.000,1.000,12.0,12.0,1.000
GuineaPig,Padded_Small,Riverbank,no,1.000,1.000,1.000,1.000,1.000,12.0,12.0,1.000
GuineaPig,Padded_Small,PackedDirt,no,1.000,1.000,1.000,1.000,1.000,12.0,12.0,1.000
GuineaPig,Padded_Small,BrokenAsphalt,no,1.000,1.000,1.000,1.000,1.000,12.0,12.0,1.000
GuineaPig,Padded_Small,Sandstone_Rough,no,1.000,1.000,1.000,1.000,1.000,12.0,12.0,1.000
GuineaPig,Padded_Small,Sandstone_RoughHewn,no,1.000,1.000,1.000,1.000,1.000,12.0,12.0,1.000
GuineaPig,Padded_Small,Sandstone_Smooth,yes,1.150,0.888,1.000,1.000,0.888,12.0,13.5,1.127
GuineaPig,Padded_Small,StrawMatting,yes,1.150,0.888,1.000,1.000,0.888,12.0,13.5,1.127
GuineaPig,Padded_Small,WoodPlankFloor,yes,1.150,0.888,1.000,1.000,0.888,12.0,13.5,1.127
GuineaPig,Padded_Small,Concrete,yes,1.150,0.888,1.000,1.000,0.888,12.0,13.5,1.127
GuineaPig,Padded_Small,PavedTile,yes,1.150,0.888,1.000,1.000,0.888,12.0,13.5,1.127
GuineaPig,Padded_Small,TileSandstone,yes,1.150,0.888,1.000,1.000,0.888,12.0,13.5,1.127
GuineaPig,Padded_Small,FlagstoneSandstone,yes,1.150,0.888,1.000,1.000,0.888,12.0,13.5,1.127
GuineaPig,Padded_Small,MetalTile,yes,1.150,0.888,1.000,1.000,0.888,12.0,13.5,1.127
GuineaPig,Padded_Small,SilverTile,yes,1.150,0.888,1.000,1.000,0.888,12.0,13.5,1.127
GuineaPig,Padded_Small,SterileTile,yes,1.150,0.888,1.000,1.000,0.888,12.0,13.5,1.127
GuineaPig,Padded_Small,Bridge,yes,1.150,0.888,1.000,1.000,0.888,12.0,13.5,1.127
Rat,Padded_Small,Soil,no,1.000,1.000,1.000,1.000,1.000,15.0,15.0,1.000
Rat,Padded_Small,SoilRich,no,1.000,1.000,1.000,1.000,1.000,15.0,15.0,1.000
Rat,Padded_Small,MossyTerrain,no,1.000,1.000,1.000,1.000,1.000,15.0,15.0,1.000
Rat,Padded_Small,Gravel,no,1.000,1.000,1.000,1.000,1.000,15.0,15.0,1.000
Rat,Padded_Small,Sand,no,1.000,1.000,1.000,1.000,1.000,15.0,15.0,1.000
Rat,Padded_Small,SoftSand,no,1.000,1.000,1.000,1.000,1.000,15.0,15.0,1.000
Rat,Padded_Small,Mud,no,1.000,1.000,1.000,1.000,1.000,15.0,15.0,1.000
Rat,Padded_Small,MarshyTerrain,no,1.000,1.000,1.000,1.000,1.000,15.0,15.0,1.000
Rat,Padded_Small,Ice,no,1.000,1.000,1.000,1.000,1.000,15.0,15.0,1.000
Rat,Padded_Small,Riverbank,no,1.000,1.000,1.000,1.000,1.000,15.0,15.0,1.000
Rat,Padded_Small,PackedDirt,no,1.000,1.000,1.000,1.000,1.000,15.0,15.0,1.000
Rat,Padded_Small,BrokenAsphalt,no,1.000,1.000,1.000,1.000,1.000,15.0,15.0,1.000
Rat,Padded_Small,Sandstone_Rough,no,1.000,1.000,1.000,1.000,1.000,15.0,15.0,1.000
Rat,Padded_Small,Sandstone_RoughHewn,no,1.000,1.000,1.000,1.000,1.000,15.0,15.0,1.000
Rat,Padded_Small,Sandstone_Smooth,yes,1.150,0.888,1.000,1.000,0.888,15.0,16.9,1.127
Rat,Padded_Small,StrawMatting,yes,1.150,0.888,1.000,1.000,0.888,15.0,16.9,1.127
Rat,Padded_Small,WoodPlankFloor,yes,1.150,0.888,1.000,1.000,0.888,15.0,16.9,1.127
Rat,Padded_Small,Concrete,yes,1.150,0.888,1.000,1.000,0.888,15.0,16.9,1.127
Rat,Padded_Small,PavedTile,yes,1.150,0.888,1.000,1.000,0.888,15.0,16.9,1.127
Rat,Padded_Small,TileSandstone,yes,1.150,0.888,1.000,1.000,0.888,15.0,16.9,1.127
Rat,Padded_Small,FlagstoneSandstone,yes,1.150,0.888,1.000,1.000,0.888,15.0,16.9,1.127
Rat,Padded_Small,MetalTile,yes,1.150,0.888,1.000,1.000,0.888,15.0,16.9,1.127
Rat,Padded_Small,SilverTile,yes,1.150,0.888,1.000,1.000,0.888,15.0,16.9,1.127
Rat,Padded_Small,SterileTile,yes,1.150,0.888,1.000,1.000,0.888,15.0,16.9,1.127
Rat,Padded_Small,Bridge,yes,1.150,0.888,1.000,1.000,0.888,15.0,16.9,1.127
Cat,Padded_Small,Soil,no,1.000,1.000,1.000,1.000,1.000,13.6,13.6,1.000
Cat,Padded_Small,SoilRich,no,1.000,1.000,1.000,1.000,1.000,13.6,13.6,1.000
Cat,Padded_Small,MossyTerrain,no,1.000,1.000,1.000,1.000,1.000,13.6,13.6,1.000
Cat,Padded_Small,Gravel,no,1.000,1.000,1.000,1.000,1.000,13.6,13.6,1.000
Cat,Padded_Small,Sand,no,1.000,1.000,1.000,1.000,1.000,13.6,13.6,1.000
Cat,Padded_Small,SoftSand,no,1.000,1.000,1.000,1.000,1.000,13.6,13.6,1.000
Cat,Padded_Small,Mud,no,1.000,1.000,1.000,1.000,1.000,13.6,13.6,1.000
Cat,Padded_Small,MarshyTerrain,no,1.000,1.000,1.000,1.000,1.000,13.6,13.6,1.000
Cat,Padded_Small,Ice,no,1.000,1.000,1.000,1.000,1.000,13.6,13.6,1.000
Cat,Padded_Small,Riverbank,no,1.000,1.000,1.000,1.000,1.000,13.6,13.6,1.000
Cat,Padded_Small,PackedDirt,no,1.000,1.000,1.000,1.000,1.000,13.6,13.6,1.000
Cat,Padded_Small,BrokenAsphalt,no,1.000,1.000,1.000,1.000,1.000,13.6,13.6,1.000
Cat,Padded_Small,Sandstone_Rough,no,1.000,1.000,1.000,1.000,1.000,13.6,13.6,1.000
Cat,Padded_Small,Sandstone_RoughHewn,no,1.000,1.000,1.000,1.000,1.000,13.6,13.6,1.000
Cat,Padded_Small,Sandstone_Smooth,yes,1.150,0.888,1.000,1.000,0.888,13.6,15.4,1.127
Cat,Padded_Small,StrawMatting,yes,1.150,0.888,1.000,1.000,0.888,13.6,15.4,1.127
Cat,Padded_Small,WoodPlankFloor,yes,1.150,0.888,1.000,1.000,0.888,13.6,15.4,1.127
Cat,Padded_Small,Concrete,yes,1.150,0.888,1.000,1.000,0.888,13.6,15.4,1.127
Cat,Padded_Small,PavedTile,yes,1.150,0.888,1.000,1.000,0.888,13.6,15.4,1.127
Cat,Padded_Small,TileSandstone,yes,1.150,0.888,1.000,1.000,0.888,13.6,15.4,1.127
Cat,Padded_Small,FlagstoneSandstone,yes,1.150,0.888,1.000,1.000,0.888,13.6,15.4,1.127
Cat,Padded_Small,MetalTile,yes,1.150,0.888,1.000,1.000,0.888,13.6,15.4,1.127
Cat,Padded_Small,SilverTile,yes,1.150,0.888,1.000,1.000,0.888,13.6,15.4,1.127
Cat,Padded_Small,SterileTile,yes,1.150,0.888,1.000,1.000,0.888,13.6,15.4,1.127
Cat,Padded_Small,Bridge,yes,1.150,0.888,1.000,1.000,0.888,13.6,15.4,1.127
Squirrel,Padded_Small,Soil,no,1.000,1.000,1.000,1.000,1.000,11.8,11.8,1.000
Squirrel,Padded_Small,SoilRich,no,1.000,1.000,1.000,1.000,1.000,11.8,11.8,1.000
Squirrel,Padded_Small,MossyTerrain,no,1.000,1.000,1.000,1.000,1.000,11.8,11.8,1.000
Squirrel,Padded_Small,Gravel,no,1.000,1.000,1.000,1.000,1.000,11.8,11.8,1.000
Squirrel,Padded_Small,Sand,no,1.000,1.000,1.000,1.000,1.000,11.8,11.8,1.000
Squirrel,Padded_Small,SoftSand,no,1.000,1.000,1.000,1.000,1.000,11.8,11.8,1.000
Squirrel,Padded_Small,Mud,no,1.000,1.000,1.000,1.000,1.000,11.8,11.8,1.000
Squirrel,Padded_Small,MarshyTerrain,no,1.000,1.000,1.000,1.000,1.000,11.8,11.8,1.000
Squirrel,Padded_Small,Ice,no,1.000,1.000,1.000,1.000,1.000,11.8,11.8,1.000
Squirrel,Padded_Small,Riverbank,no,1.000,1.000,1.000,1.000,1.000,11.8,11.8,1.000
Squirrel,Padded_Small,PackedDirt,no,1.000,1.000,1.000,1.000,1.000,11.8,11.8,1.000
Squirrel,Padded_Small,BrokenAsphalt,no,1.000,1.000,1.000,1.000,1.000,11.8,11.8,1.000
Squirrel,Padded_Small,Sandstone_Rough,no,1.000,1.000,1.000,1.000,1.000,11.8,11.8,1.000
Squirrel,Padded_Small,Sandstone_RoughHewn,no,1.000,1.000,1.000,1.000,1.000,11.8,11.8,1.000
Squirrel,Padded_Small,Sandstone_Smooth,yes,1.150,0.888,1.000,1.000,0.888,11.8,13.3,1.127
Squirrel,Padded_Small,StrawMatting,yes,1.150,0.888,1.000,1.000,0.888,11.8,13.3,1.127
Squirrel,Padded_Small,WoodPlankFloor,yes,1.150,0.888,1.000,1.000,0.888,11.8,13.3,1.127
Squirrel,Padded_Small,Concrete,yes,1.150,0.888,1.000,1.000,0.888,11.8,13.3,1.127
Squirrel,Padded_Small,PavedTile,yes,1.150,0.888,1.000,1.000,0.888,11.8,13.3,1.127
Squirrel,Padded_Small,TileSandstone,yes,1.150,0.888,1.000,1.000,0.888,11.8,13.3,1.127
Squirrel,Padded_Small,FlagstoneSandstone,yes,1.150,0.888,1.000,1.000,0.888,11.8,13.3,1.127
Squirrel,Padded_Small,MetalTile,yes,1.150,0.888,1.000,1.000,0.888,11.8,13.3,1.127
Squirrel,Padded_Small,SilverTile,yes,1.150,0.888,1.000,1.000,0.888,11.8,13.3,1.127
Squirrel,Padded_Small,SterileTile,yes,1.150,0.888,1.000,1.000,0.888,11.8,13.3,1.127
Squirrel,Padded_Small,Bridge,yes,1.150,0.888,1.000,1.000,0.888,11.8,13.3,1.127
LabradorRetriever,Padded_Medium,Soil,no,1.000,1.000,1.000,1.000,1.000,12.0,12.0,1.000
LabradorRetriever,Padded_Medium,SoilRich,no,1.000,1.000,1.000,1.000,1.000,12.0,12.0,1.000
LabradorRetriever,Padded_Medium,MossyTerrain,no,1.000,1.000,1.000,1.000,1.000,12.0,12.0,1.000
LabradorRetriever,Padded_Medium,Gravel,no,1.000,1.000,1.000,1.000,1.000,12.0,12.0,1.000
LabradorRetriever,Padded_Medium,Sand,no,1.000,1.000,1.000,1.000,1.000,12.0,12.0,1.000
LabradorRetriever,Padded_Medium,SoftSand,no,1.000,1.000,1.000,1.000,1.000,12.0,12.0,1.000
LabradorRetriever,Padded_Medium,Mud,no,1.000,1.000,1.000,1.000,1.000,12.0,12.0,1.000
LabradorRetriever,Padded_Medium,MarshyTerrain,no,1.000,1.000,1.000,1.000,1.000,12.0,12.0,1.000
LabradorRetriever,Padded_Medium,Ice,no,1.000,1.000,1.000,1.000,1.000,12.0,12.0,1.000
LabradorRetriever,Padded_Medium,Riverbank,no,1.000,1.000,1.000,1.000,1.000,12.0,12.0,1.000
LabradorRetriever,Padded_Medium,PackedDirt,no,1.000,1.000,1.000,1.000,1.000,12.0,12.0,1.000
LabradorRetriever,Padded_Medium,BrokenAsphalt,no,1.000,1.000,1.000,1.000,1.000,12.0,12.0,1.000
LabradorRetriever,Padded_Medium,Sandstone_Rough,no,1.000,1.000,1.000,1.000,1.000,12.0,12.0,1.000
LabradorRetriever,Padded_Medium,Sandstone_RoughHewn,no,1.000,1.000,1.000,1.000,1.000,12.0,12.0,1.000
LabradorRetriever,Padded_Medium,Sandstone_Smooth,yes,1.150,0.963,1.000,1.000,0.963,12.0,12.5,1.039
LabradorRetriever,Padded_Medium,StrawMatting,yes,1.150,0.963,1.000,1.000,0.963,12.0,12.5,1.039
LabradorRetriever,Padded_Medium,WoodPlankFloor,yes,1.150,0.963,1.000,1.000,0.963,12.0,12.5,1.039
LabradorRetriever,Padded_Medium,Concrete,yes,1.150,0.963,1.000,1.000,0.963,12.0,12.5,1.039
LabradorRetriever,Padded_Medium,PavedTile,yes,1.150,0.963,1.000,1.000,0.963,12.0,12.5,1.039
LabradorRetriever,Padded_Medium,TileSandstone,yes,1.150,0.963,1.000,1.000,0.963,12.0,12.5,1.039
LabradorRetriever,Padded_Medium,FlagstoneSandstone,yes,1.150,0.963,1.000,1.000,0.963,12.0,12.5,1.039
LabradorRetriever,Padded_Medium,MetalTile,yes,1.150,0.963,1.000,1.000,0.963,12.0,12.5,1.039
LabradorRetriever,Padded_Medium,SilverTile,yes,1.150,0.963,1.000,1.000,0.963,12.0,12.5,1.039
LabradorRetriever,Padded_Medium,SterileTile,yes,1.150,0.963,1.000,1.000,0.963,12.0,12.5,1.039
LabradorRetriever,Padded_Medium,Bridge,yes,1.150,0.963,1.000,1.000,0.963,12.0,12.5,1.039
Lynx,Padded_Medium,Soil,no,1.000,1.000,1.000,1.000,1.000,12.0,12.0,1.000
Lynx,Padded_Medium,SoilRich,no,1.000,1.000,1.000,1.000,1.000,12.0,12.0,1.000
Lynx,Padded_Medium,MossyTerrain,no,1.000,1.000,1.000,1.000,1.000,12.0,12.0,1.000
Lynx,Padded_Medium,Gravel,no,1.000,1.000,1.000,1.000,1.000,12.0,12.0,1.000
Lynx,Padded_Medium,Sand,no,1.000,1.000,1.000,1.000,1.000,12.0,12.0,1.000
Lynx,Padded_Medium,SoftSand,no,1.000,1.000,1.000,1.000,1.000,12.0,12.0,1.000
Lynx,Padded_Medium,Mud,no,1.000,1.000,1.000,1.000,1.000,12.0,12.0,1.000
Lynx,Padded_Medium,MarshyTerrain,no,1.000,1.000,1.000,1.000,1.000,12.0,12.0,1.000
Lynx,Padded_Medium,Ice,no,1.000,1.000,1.000,1.000,1.000,12.0,12.0,1.000
Lynx,Padded_Medium,Riverbank,no,1.000,1.000,1.000,1.000,1.000,12.0,12.0,1.000
Lynx,Padded_Medium,PackedDirt,no,1.000,1.000,1.000,1.000,1.000,12.0,12.0,1.000
Lynx,Padded_Medium,BrokenAsphalt,no,1.000,1.000,1.000,1.000,1.000,12.0,12.0,1.000
Lynx,Padded_Medium,Sandstone_Rough,no,1.000,1.000,1.000,1.000,1.000,12.0,12.0,1.000
Lynx,Padded_Medium,Sandstone_RoughHewn,no,1.000,1.000,1.000,1.000,1.000,12.0,12.0,1.000
Lynx,Padded_Medium,Sandstone_Smooth,yes,1.150,0.963,1.000,1.000,0.963,12.0,12.5,1.039
Lynx,Padded_Medium,StrawMatting,yes,1.150,0.963,1.000,1.000,0.963,12.0,12.5,1.039
Lynx,Padded_Medium,WoodPlankFloor,yes,1.150,0.963,1.000,1.000,0.963,12.0,12.5,1.039
Lynx,Padded_Medium,Concrete,yes,1.150,0.963,1.000,1.000,0.963,12.0,12.5,1.039
Lynx,Padded_Medium,PavedTile,yes,1.150,0.963,1.000,1.000,0.963,12.0,12.5,1.039
Lynx,Padded_Medium,TileSandstone,yes,1.150,0.963,1.000,1.000,0.963,12.0,12.5,1.039
Lynx,Padded_Medium,FlagstoneSandstone,yes,1.150,0.963,1.000,1.000,0.963,12.0,12.5,1.039
Lynx,Padded_Medium,MetalTile,yes,1.150,0.963,1.000,1.000,0.963,12.0,12.5,1.039
Lynx,Padded_Medium,SilverTile,yes,1.150,0.963,1.000,1.000,0.963,12.0,12.5,1.039
Lynx,Padded_Medium,SterileTile,yes,1.150,0.963,1.000,1.000,0.963,12.0,12.5,1.039
Lynx,Padded_Medium,Bridge,yes,1.150,0.963,1.000,1.000,0.963,12.0,12.5,1.039
Megasloth,Padded_Large,Soil,no,1.000,1.000,1.000,1.000,1.000,12.5,12.5,1.000
Megasloth,Padded_Large,SoilRich,no,1.000,1.000,1.000,1.000,1.000,12.5,12.5,1.000
Megasloth,Padded_Large,MossyTerrain,no,1.000,1.000,1.000,1.000,1.000,12.5,12.5,1.000
Megasloth,Padded_Large,Gravel,no,1.000,1.000,1.000,1.000,1.000,12.5,12.5,1.000
Megasloth,Padded_Large,Sand,no,1.000,1.000,1.000,1.000,1.000,12.5,12.5,1.000
Megasloth,Padded_Large,SoftSand,no,1.000,1.000,1.000,1.000,1.000,12.5,12.5,1.000
Megasloth,Padded_Large,Mud,no,1.000,1.000,1.000,1.000,1.000,12.5,12.5,1.000
Megasloth,Padded_Large,MarshyTerrain,no,1.000,1.000,1.000,1.000,1.000,12.5,12.5,1.000
Megasloth,Padded_Large,Ice,no,1.000,1.000,1.000,1.000,1.000,12.5,12.5,1.000
Megasloth,Padded_Large,Riverbank,no,1.000,1.000,1.000,1.000,1.000,12.5,12.5,1.000
Megasloth,Padded_Large,PackedDirt,no,1.000,1.000,1.000,1.000,1.000,12.5,12.5,1.000
Megasloth,Padded_Large,BrokenAsphalt,no,1.000,1.000,1.000,1.000,1.000,12.5,12.5,1.000
Megasloth,Padded_Large,Sandstone_Rough,no,1.000,1.000,1.000,1.000,1.000,12.5,12.5,1.000
Megasloth,Padded_Large,Sandstone_RoughHewn,no,1.000,1.000,1.000,1.000,1.000,12.5,12.5,1.000
Megasloth,Padded_Large,Sandstone_Smooth,yes,1.150,1.038,1.000,1.000,1.038,12.5,12.0,0.964
Megasloth,Padded_Large,StrawMatting,yes,1.150,1.038,1.000,1.000,1.038,12.5,12.0,0.964
Megasloth,Padded_Large,WoodPlankFloor,yes,1.150,1.038,1.000,1.000,1.038,12.5,12.0,0.964
Megasloth,Padded_Large,Concrete,yes,1.150,1.038,1.000,1.000,1.038,12.5,12.0,0.964
Megasloth,Padded_Large,PavedTile,yes,1.150,1.038,1.000,1.000,1.038,12.5,12.0,0.964
Megasloth,Padded_Large,TileSandstone,yes,1.150,1.038,1.000,1.000,1.038,12.5,12.0,0.964
Megasloth,Padded_Large,FlagstoneSandstone,yes,1.150,1.038,1.000,1.000,1.038,12.5,12.0,0.964
Megasloth,Padded_Large,MetalTile,yes,1.150,1.038,1.000,1.000,1.038,12.5,12.0,0.964
Megasloth,Padded_Large,SilverTile,yes,1.150,1.038,1.000,1.000,1.038,12.5,12.0,0.964
Megasloth,Padded_Large,SterileTile,yes,1.150,1.038,1.000,1.000,1.038,12.5,12.0,0.964
Megasloth,Padded_Large,Bridge,yes,1.150,1.038,1.000,1.000,1.038,12.5,12.0,0.964
Goat,Hoofed_Medium,Soil,no,1.000,1.000,1.000,1.000,1.000,15.4,15.4,1.000
Goat,Hoofed_Medium,SoilRich,no,1.000,1.000,1.000,1.000,1.000,15.4,15.4,1.000
Goat,Hoofed_Medium,MossyTerrain,no,1.000,1.000,1.000,1.000,1.000,15.4,15.4,1.000
Goat,Hoofed_Medium,Gravel,no,1.000,1.000,1.000,1.000,1.000,15.4,15.4,1.000
Goat,Hoofed_Medium,Sand,no,1.000,1.000,1.000,1.000,1.000,15.4,15.4,1.000
Goat,Hoofed_Medium,SoftSand,no,1.000,1.000,1.000,1.000,1.000,15.4,15.4,1.000
Goat,Hoofed_Medium,Mud,no,1.000,1.000,1.000,1.000,1.000,15.4,15.4,1.000
Goat,Hoofed_Medium,MarshyTerrain,no,1.000,1.000,1.000,1.000,1.000,15.4,15.4,1.000
Goat,Hoofed_Medium,Ice,no,1.000,1.000,1.000,1.000,1.000,15.4,15.4,1.000
Goat,Hoofed_Medium,Riverbank,no,1.000,1.000,1.000,1.000,1.000,15.4,15.4,1.000
Goat,Hoofed_Medium,PackedDirt,no,1.000,1.000,1.000,1.000,1.000,15.4,15.4,1.000
Goat,Hoofed_Medium,BrokenAsphalt,no,1.000,1.000,1.000,1.000,1.000,15.4,15.4,1.000
Goat,Hoofed_Medium,Sandstone_Rough,no,1.000,1.000,1.000,1.000,1.000,15.4,15.4,1.000
Goat,Hoofed_Medium,Sandstone_RoughHewn,no,1.000,1.000,1.000,1.000,1.000,15.4,15.4,1.000
Goat,Hoofed_Medium,Sandstone_Smooth,yes,1.150,0.940,1.000,1.000,0.940,15.4,16.4,1.064
Goat,Hoofed_Medium,StrawMatting,yes,1.150,0.940,1.000,1.000,0.940,15.4,16.4,1.064
Goat,Hoofed_Medium,WoodPlankFloor,yes,1.150,0.940,1.000,1.000,0.940,15.4,16.4,1.064
Goat,Hoofed_Medium,Concrete,yes,1.150,0.940,1.000,1.000,0.940,15.4,16.4,1.064
Goat,Hoofed_Medium,PavedTile,yes,1.150,0.940,1.000,1.000,0.940,15.4,16.4,1.064
Goat,Hoofed_Medium,TileSandstone,yes,1.150,0.940,1.000,1.000,0.940,15.4,16.4,1.064
Goat,Hoofed_Medium,FlagstoneSandstone,yes,1.150,0.940,1.000,1.000,0.940,15.4,16.4,1.064
Goat,Hoofed_Medium,MetalTile,yes,1.150,0.940,1.000,1.000,0.940,15.4,16.4,1.064
Goat,Hoofed_Medium,SilverTile,yes,1.150,0.940,1.000,1.000,0.940,15.4,16.4,1.064
Goat,Hoofed_Medium,SterileTile,yes,1.150,0.940,1.000,1.000,0.940,15.4,16.4,1.064
Goat,Hoofed_Medium,Bridge,yes,1.150,0.940,1.000,1.000,0.940,15.4,16.4,1.064
Caribou,Hoofed_Medium,Soil,no,1.000,1.000,1.000,1.000,1.000,12.0,12.0,1.000
Caribou,Hoofed_Medium,SoilRich,no,1.000,1.000,1.000,1.000,1.000,12.0,12.0,1.000
Caribou,Hoofed_Medium,MossyTerrain,no,1.000,1.000,1.000,1.000,1.000,12.0,12.0,1.000
Caribou,Hoofed_Medium,Gravel,no,1.000,1.000,1.000,1.000,1.000,12.0,12.0,1.000
Caribou,Hoofed_Medium,Sand,no,1.000,1.000,1.000,1.000,1.000,12.0,12.0,1.000
Caribou,Hoofed_Medium,SoftSand,no,1.000,1.000,1.000,1.000,1.000,12.0,12.0,1.000
Caribou,Hoofed_Medium,Mud,no,1.000,1.000,1.000,1.000,1.000,12.0,12.0,1.000
Caribou,Hoofed_Medium,MarshyTerrain,no,1.000,1.000,1.000,1.000,1.000,12.0,12.0,1.000
Caribou,Hoofed_Medium,Ice,no,1.000,1.000,1.000,1.000,1.000,12.0,12.0,1.000
Caribou,Hoofed_Medium,Riverbank,no,1.000,1.000,1.000,1.000,1.000,12.0,12.0,1.000
Caribou,Hoofed_Medium,PackedDirt,no,1.000,1.000,1.000,1.000,1.000,12.0,12.0,1.000
Caribou,Hoofed_Medium,BrokenAsphalt,no,1.000,1.000,1.000,1.000,1.000,12.0,12.0,1.000
Caribou,Hoofed_Medium,Sandstone_Rough,no,1.000,1.000,1.000,1.000,1.000,12.0,12.0,1.000
Caribou,Hoofed_Medium,Sandstone_RoughHewn,no,1.000,1.000,1.000,1.000,1.000,12.0,12.0,1.000
Caribou,Hoofed_Medium,Sandstone_Smooth,yes,1.150,0.940,1.000,1.000,0.940,12.0,12.8,1.064
Caribou,Hoofed_Medium,StrawMatting,yes,1.150,0.940,1.000,1.000,0.940,12.0,12.8,1.064
Caribou,Hoofed_Medium,WoodPlankFloor,yes,1.150,0.940,1.000,1.000,0.940,12.0,12.8,1.064
Caribou,Hoofed_Medium,Concrete,yes,1.150,0.940,1.000,1.000,0.940,12.0,12.8,1.064
Caribou,Hoofed_Medium,PavedTile,yes,1.150,0.940,1.000,1.000,0.940,12.0,12.8,1.064
Caribou,Hoofed_Medium,TileSandstone,yes,1.150,0.940,1.000,1.000,0.940,12.0,12.8,1.064
Caribou,Hoofed_Medium,FlagstoneSandstone,yes,1.150,0.940,1.000,1.000,0.940,12.0,12.8,1.064
Caribou,Hoofed_Medium,MetalTile,yes,1.150,0.940,1.000,1.000,0.940,12.0,12.8,1.064
Caribou,Hoofed_Medium,SilverTile,yes,1.150,0.940,1.000,1.000,0.940,12.0,12.8,1.064
Caribou,Hoofed_Medium,SterileTile,yes,1.150,0.940,1.000,1.000,0.940,12.0,12.8,1.064
Caribou,Hoofed_Medium,Bridge,yes,1.150,0.940,1.000,1.000,0.940,12.0,12.8,1.064
Muffalo,Hoofed_Large,Soil,no,1.000,1.000,1.000,1.000,1.000,13.3,13.3,1.000
Muffalo,Hoofed_Large,SoilRich,no,1.000,1.000,1.000,1.000,1.000,13.3,13.3,1.000
Muffalo,Hoofed_Large,MossyTerrain,no,1.000,1.000,1.000,1.000,1.000,13.3,13.3,1.000
Muffalo,Hoofed_Large,Gravel,no,1.000,1.000,1.000,1.000,1.000,13.3,13.3,1.000
Muffalo,Hoofed_Large,Sand,no,1.000,1.000,1.000,1.000,1.000,13.3,13.3,1.000
Muffalo,Hoofed_Large,SoftSand,no,1.000,1.000,1.000,1.000,1.000,13.3,13.3,1.000
Muffalo,Hoofed_Large,Mud,no,1.000,1.000,1.000,1.000,1.000,13.3,13.3,1.000
Muffalo,Hoofed_Large,MarshyTerrain,no,1.000,1.000,1.000,1.000,1.000,13.3,13.3,1.000
Muffalo,Hoofed_Large,Ice,no,1.000,1.000,1.000,1.000,1.000,13.3,13.3,1.000
Muffalo,Hoofed_Large,Riverbank,no,1.000,1.000,1.000,1.000,1.000,13.3,13.3,1.000
Muffalo,Hoofed_Large,PackedDirt,no,1.000,1.000,1.000,1.000,1.000,13.3,13.3,1.000
Muffalo,Hoofed_Large,BrokenAsphalt,no,1.000,1.000,1.000,1.000,1.000,13.3,13.3,1.000
Muffalo,Hoofed_Large,Sandstone_Rough,no,1.000,1.000,1.000,1.000,1.000,13.3,13.3,1.000
Muffalo,Hoofed_Large,Sandstone_RoughHewn,no,1.000,1.000,1.000,1.000,1.000,13.3,13.3,1.000
Muffalo,Hoofed_Large,Sandstone_Smooth,yes,1.150,0.910,1.000,1.000,0.910,13.3,14.7,1.099
Muffalo,Hoofed_Large,StrawMatting,yes,1.150,0.910,1.000,1.000,0.910,13.3,14.7,1.099
Muffalo,Hoofed_Large,WoodPlankFloor,yes,1.150,0.910,1.000,1.000,0.910,13.3,14.7,1.099
Muffalo,Hoofed_Large,Concrete,yes,1.150,0.910,1.000,1.000,0.910,13.3,14.7,1.099
Muffalo,Hoofed_Large,PavedTile,yes,1.150,0.910,1.000,1.000,0.910,13.3,14.7,1.099
Muffalo,Hoofed_Large,TileSandstone,yes,1.150,0.910,1.000,1.000,0.910,13.3,14.7,1.099
Muffalo,Hoofed_Large,FlagstoneSandstone,yes,1.150,0.910,1.000,1.000,0.910,13.3,14.7,1.099
Muffalo,Hoofed_Large,MetalTile,yes,1.150,0.910,1.000,1.000,0.910,13.3,14.7,1.099
Muffalo,Hoofed_Large,SilverTile,yes,1.150,0.910,1.000,1.000,0.910,13.3,14.7,1.099
Muffalo,Hoofed_Large,SterileTile,yes,1.150,0.910,1.000,1.000,0.910,13.3,14.7,1.099
Muffalo,Hoofed_Large,Bridge,yes,1.150,0.910,1.000,1.000,0.910,13.3,14.7,1.099
Cow,Hoofed_Large,Soil,no,1.000,1.000,1.000,1.000,1.000,18.8,18.8,1.000
Cow,Hoofed_Large,SoilRich,no,1.000,1.000,1.000,1.000,1.000,18.8,18.8,1.000
Cow,Hoofed_Large,MossyTerrain,no,1.000,1.000,1.000,1.000,1.000,18.8,18.8,1.000
Cow,Hoofed_Large,Gravel,no,1.000,1.000,1.000,1.000,1.000,18.8,18.8,1.000
Cow,Hoofed_Large,Sand,no,1.000,1.000,1.000,1.000,1.000,18.8,18.8,1.000
Cow,Hoofed_Large,SoftSand,no,1.000,1.000,1.000,1.000,1.000,18.8,18.8,1.000
Cow,Hoofed_Large,Mud,no,1.000,1.000,1.000,1.000,1.000,18.8,18.8,1.000
Cow,Hoofed_Large,MarshyTerrain,no,1.000,1.000,1.000,1.000,1.000,18.8,18.8,1.000
Cow,Hoofed_Large,Ice,no,1.000,1.000,1.000,1.000,1.000,18.8,18.8,1.000
Cow,Hoofed_Large,Riverbank,no,1.000,1.000,1.000,1.000,1.000,18.8,18.8,1.000
Cow,Hoofed_Large,PackedDirt,no,1.000,1.000,1.000,1.000,1.000,18.8,18.8,1.000
Cow,Hoofed_Large,BrokenAsphalt,no,1.000,1.000,1.000,1.000,1.000,18.8,18.8,1.000
Cow,Hoofed_Large,Sandstone_Rough,no,1.000,1.000,1.000,1.000,1.000,18.8,18.8,1.000
Cow,Hoofed_Large,Sandstone_RoughHewn,no,1.000,1.000,1.000,1.000,1.000,18.8,18.8,1.000
Cow,Hoofed_Large,Sandstone_Smooth,yes,1.150,0.910,1.000,1.000,0.910,18.8,20.6,1.099
Cow,Hoofed_Large,StrawMatting,yes,1.150,0.910,1.000,1.000,0.910,18.8,20.6,1.099
Cow,Hoofed_Large,WoodPlankFloor,yes,1.150,0.910,1.000,1.000,0.910,18.8,20.6,1.099
Cow,Hoofed_Large,Concrete,yes,1.150,0.910,1.000,1.000,0.910,18.8,20.6,1.099
Cow,Hoofed_Large,PavedTile,yes,1.150,0.910,1.000,1.000,0.910,18.8,20.6,1.099
Cow,Hoofed_Large,TileSandstone,yes,1.150,0.910,1.000,1.000,0.910,18.8,20.6,1.099
Cow,Hoofed_Large,FlagstoneSandstone,yes,1.150,0.910,1.000,1.000,0.910,18.8,20.6,1.099
Cow,Hoofed_Large,MetalTile,yes,1.150,0.910,1.000,1.000,0.910,18.8,20.6,1.099
Cow,Hoofed_Large,SilverTile,yes,1.150,0.910,1.000,1.000,0.910,18.8,20.6,1.099
Cow,Hoofed_Large,SterileTile,yes,1.150,0.910,1.000,1.000,0.910,18.8,20.6,1.099
Cow,Hoofed_Large,Bridge,yes,1.150,0.910,1.000,1.000,0.910,18.8,20.6,1.099
Bison,Hoofed_Large,Soil,no,1.000,1.000,1.000,1.000,1.000,12.8,12.8,1.000
Bison,Hoofed_Large,SoilRich,no,1.000,1.000,1.000,1.000,1.000,12.8,12.8,1.000
Bison,Hoofed_Large,MossyTerrain,no,1.000,1.000,1.000,1.000,1.000,12.8,12.8,1.000
Bison,Hoofed_Large,Gravel,no,1.000,1.000,1.000,1.000,1.000,12.8,12.8,1.000
Bison,Hoofed_Large,Sand,no,1.000,1.000,1.000,1.000,1.000,12.8,12.8,1.000
Bison,Hoofed_Large,SoftSand,no,1.000,1.000,1.000,1.000,1.000,12.8,12.8,1.000
Bison,Hoofed_Large,Mud,no,1.000,1.000,1.000,1.000,1.000,12.8,12.8,1.000
Bison,Hoofed_Large,MarshyTerrain,no,1.000,1.000,1.000,1.000,1.000,12.8,12.8,1.000
Bison,Hoofed_Large,Ice,no,1.000,1.000,1.000,1.000,1.000,12.8,12.8,1.000
Bison,Hoofed_Large,Riverbank,no,1.000,1.000,1.000,1.000,1.000,12.8,12.8,1.000
Bison,Hoofed_Large,PackedDirt,no,1.000,1.000,1.000,1.000,1.000,12.8,12.8,1.000
Bison,Hoofed_Large,BrokenAsphalt,no,1.000,1.000,1.000,1.000,1.000,12.8,12.8,1.000
Bison,Hoofed_Large,Sandstone_Rough,no,1.000,1.000,1.000,1.000,1.000,12.8,12.8,1.000
Bison,Hoofed_Large,Sandstone_RoughHewn,no,1.000,1.000,1.000,1.000,1.000,12.8,12.8,1.000
Bison,Hoofed_Large,Sandstone_Smooth,yes,1.150,0.910,1.000,1.000,0.910,12.8,14.0,1.099
Bison,Hoofed_Large,StrawMatting,yes,1.150,0.910,1.000,1.000,0.910,12.8,14.0,1.099
Bison,Hoofed_Large,WoodPlankFloor,yes,1.150,0.910,1.000,1.000,0.910,12.8,14.0,1.099
Bison,Hoofed_Large,Concrete,yes,1.150,0.910,1.000,1.000,0.910,12.8,14.0,1.099
Bison,Hoofed_Large,PavedTile,yes,1.150,0.910,1.000,1.000,0.910,12.8,14.0,1.099
Bison,Hoofed_Large,TileSandstone,yes,1.150,0.910,1.000,1.000,0.910,12.8,14.0,1.099
Bison,Hoofed_Large,FlagstoneSandstone,yes,1.150,0.910,1.000,1.000,0.910,12.8,14.0,1.099
Bison,Hoofed_Large,MetalTile,yes,1.150,0.910,1.000,1.000,0.910,12.8,14.0,1.099
Bison,Hoofed_Large,SilverTile,yes,1.150,0.910,1.000,1.000,0.910,12.8,14.0,1.099
Bison,Hoofed_Large,SterileTile,yes,1.150,0.910,1.000,1.000,0.910,12.8,14.0,1.099
Bison,Hoofed_Large,Bridge,yes,1.150,0.910,1.000,1.000,0.910,12.8,14.0,1.099
Elephant,Hoofed_Large,Soil,no,1.000,1.000,1.000,1.000,1.000,12.5,12.5,1.000
Elephant,Hoofed_Large,SoilRich,no,1.000,1.000,1.000,1.000,1.000,12.5,12.5,1.000
Elephant,Hoofed_Large,MossyTerrain,no,1.000,1.000,1.000,1.000,1.000,12.5,12.5,1.000
Elephant,Hoofed_Large,Gravel,no,1.000,1.000,1.000,1.000,1.000,12.5,12.5,1.000
Elephant,Hoofed_Large,Sand,no,1.000,1.000,1.000,1.000,1.000,12.5,12.5,1.000
Elephant,Hoofed_Large,SoftSand,no,1.000,1.000,1.000,1.000,1.000,12.5,12.5,1.000
Elephant,Hoofed_Large,Mud,no,1.000,1.000,1.000,1.000,1.000,12.5,12.5,1.000
Elephant,Hoofed_Large,MarshyTerrain,no,1.000,1.000,1.000,1.000,1.000,12.5,12.5,1.000
Elephant,Hoofed_Large,Ice,no,1.000,1.000,1.000,1.000,1.000,12.5,12.5,1.000
Elephant,Hoofed_Large,Riverbank,no,1.000,1.000,1.000,1.000,1.000,12.5,12.5,1.000
Elephant,Hoofed_Large,PackedDirt,no,1.000,1.000,1.000,1.000,1.000,12.5,12.5,1.000
Elephant,Hoofed_Large,BrokenAsphalt,no,1.000,1.000,1.000,1.000,1.000,12.5,12.5,1.000
Elephant,Hoofed_Large,Sandstone_Rough,no,1.000,1.000,1.000,1.000,1.000,12.5,12.5,1.000
Elephant,Hoofed_Large,Sandstone_RoughHewn,no,1.000,1.000,1.000,1.000,1.000,12.5,12.5,1.000
Elephant,Hoofed_Large,Sandstone_Smooth,yes,1.150,0.910,1.000,1.000,0.910,12.5,13.7,1.099
Elephant,Hoofed_Large,StrawMatting,yes,1.150,0.910,1.000,1.000,0.910,12.5,13.7,1.099
Elephant,Hoofed_Large,WoodPlankFloor,yes,1.150,0.910,1.000,1.000,0.910,12.5,13.7,1.099
Elephant,Hoofed_Large,Concrete,yes,1.150,0.910,1.000,1.000,0.910,12.5,13.7,1.099
Elephant,Hoofed_Large,PavedTile,yes,1.150,0.910,1.000,1.000,0.910,12.5,13.7,1.099
Elephant,Hoofed_Large,TileSandstone,yes,1.150,0.910,1.000,1.000,0.910,12.5,13.7,1.099
Elephant,Hoofed_Large,FlagstoneSandstone,yes,1.150,0.910,1.000,1.000,0.910,12.5,13.7,1.099
Elephant,Hoofed_Large,MetalTile,yes,1.150,0.910,1.000,1.000,0.910,12.5,13.7,1.099
Elephant,Hoofed_Large,SilverTile,yes,1.150,0.910,1.000,1.000,0.910,12.5,13.7,1.099
Elephant,Hoofed_Large,SterileTile,yes,1.150,0.910,1.000,1.000,0.910,12.5,13.7,1.099
Elephant,Hoofed_Large,Bridge,yes,1.150,0.910,1.000,1.000,0.910,12.5,13.7,1.099
Chicken,Taloned_Small,Soil,no,1.000,1.000,1.000,1.000,1.000,28.6,28.6,1.000
Chicken,Taloned_Small,SoilRich,no,1.000,1.000,1.000,1.000,1.000,28.6,28.6,1.000
Chicken,Taloned_Small,MossyTerrain,no,1.000,1.000,1.000,1.000,1.000,28.6,28.6,1.000
Chicken,Taloned_Small,Gravel,no,1.000,1.000,1.000,1.000,1.000,28.6,28.6,1.000
Chicken,Taloned_Small,Sand,no,1.000,1.000,1.000,1.000,1.000,28.6,28.6,1.000
Chicken,Taloned_Small,SoftSand,no,1.000,1.000,1.000,1.000,1.000,28.6,28.6,1.000
Chicken,Taloned_Small,Mud,no,1.000,1.000,1.000,1.000,1.000,28.6,28.6,1.000
Chicken,Taloned_Small,MarshyTerrain,no,1.000,1.000,1.000,1.000,1.000,28.6,28.6,1.000
Chicken,Taloned_Small,Ice,no,1.000,1.000,1.000,1.000,1.000,28.6,28.6,1.000
Chicken,Taloned_Small,Riverbank,no,1.000,1.000,1.000,1.000,1.000,28.6,28.6,1.000
Chicken,Taloned_Small,PackedDirt,no,1.000,1.000,1.000,1.000,1.000,28.6,28.6,1.000
Chicken,Taloned_Small,BrokenAsphalt,no,1.000,1.000,1.000,1.000,1.000,28.6,28.6,1.000
Chicken,Taloned_Small,Sandstone_Rough,no,1.000,1.000,1.000,1.000,1.000,28.6,28.6,1.000
Chicken,Taloned_Small,Sandstone_RoughHewn,no,1.000,1.000,1.000,1.000,1.000,28.6,28.6,1.000
Chicken,Taloned_Small,Sandstone_Smooth,yes,1.150,0.910,1.000,1.000,0.910,28.6,31.4,1.099
Chicken,Taloned_Small,StrawMatting,yes,1.150,0.910,1.000,1.000,0.910,28.6,31.4,1.099
Chicken,Taloned_Small,WoodPlankFloor,yes,1.150,0.910,1.000,1.000,0.910,28.6,31.4,1.099
Chicken,Taloned_Small,Concrete,yes,1.150,0.910,1.000,1.000,0.910,28.6,31.4,1.099
Chicken,Taloned_Small,PavedTile,yes,1.150,0.910,1.000,1.000,0.910,28.6,31.4,1.099
Chicken,Taloned_Small,TileSandstone,yes,1.150,0.910,1.000,1.000,0.910,28.6,31.4,1.099
Chicken,Taloned_Small,FlagstoneSandstone,yes,1.150,0.910,1.000,1.000,0.910,28.6,31.4,1.099
Chicken,Taloned_Small,MetalTile,yes,1.150,0.910,1.000,1.000,0.910,28.6,31.4,1.099
Chicken,Taloned_Small,SilverTile,yes,1.150,0.910,1.000,1.000,0.910,28.6,31.4,1.099
Chicken,Taloned_Small,SterileTile,yes,1.150,0.910,1.000,1.000,0.910,28.6,31.4,1.099
Chicken,Taloned_Small,Bridge,yes,1.150,0.910,1.000,1.000,0.910,28.6,31.4,1.099
Duck,Taloned_Small,Soil,no,1.000,1.000,1.000,1.000,1.000,28.6,28.6,1.000
Duck,Taloned_Small,SoilRich,no,1.000,1.000,1.000,1.000,1.000,28.6,28.6,1.000
Duck,Taloned_Small,MossyTerrain,no,1.000,1.000,1.000,1.000,1.000,28.6,28.6,1.000
Duck,Taloned_Small,Gravel,no,1.000,1.000,1.000,1.000,1.000,28.6,28.6,1.000
Duck,Taloned_Small,Sand,no,1.000,1.000,1.000,1.000,1.000,28.6,28.6,1.000
Duck,Taloned_Small,SoftSand,no,1.000,1.000,1.000,1.000,1.000,28.6,28.6,1.000
Duck,Taloned_Small,Mud,no,1.000,1.000,1.000,1.000,1.000,28.6,28.6,1.000
Duck,Taloned_Small,MarshyTerrain,no,1.000,1.000,1.000,1.000,1.000,28.6,28.6,1.000
Duck,Taloned_Small,Ice,no,1.000,1.000,1.000,1.000,1.000,28.6,28.6,1.000
Duck,Taloned_Small,Riverbank,no,1.000,1.000,1.000,1.000,1.000,28.6,28.6,1.000
Duck,Taloned_Small,PackedDirt,no,1.000,1.000,1.000,1.000,1.000,28.6,28.6,1.000
Duck,Taloned_Small,BrokenAsphalt,no,1.000,1.000,1.000,1.000,1.000,28.6,28.6,1.000
Duck,Taloned_Small,Sandstone_Rough,no,1.000,1.000,1.000,1.000,1.000,28.6,28.6,1.000
Duck,Taloned_Small,Sandstone_RoughHewn,no,1.000,1.000,1.000,1.000,1.000,28.6,28.6,1.000
Duck,Taloned_Small,Sandstone_Smooth,yes,1.150,0.910,1.000,1.000,0.910,28.6,31.4,1.099
Duck,Taloned_Small,StrawMatting,yes,1.150,0.910,1.000,1.000,0.910,28.6,31.4,1.099
Duck,Taloned_Small,WoodPlankFloor,yes,1.150,0.910,1.000,1.000,0.910,28.6,31.4,1.099
Duck,Taloned_Small,Concrete,yes,1.150,0.910,1.000,1.000,0.910,28.6,31.4,1.099
Duck,Taloned_Small,PavedTile,yes,1.150,0.910,1.000,1.000,0.910,28.6,31.4,1.099
Duck,Taloned_Small,TileSandstone,yes,1.150,0.910,1.000,1.000,0.910,28.6,31.4,1.099
Duck,Taloned_Small,FlagstoneSandstone,yes,1.150,0.910,1.000,1.000,0.910,28.6,31.4,1.099
Duck,Taloned_Small,MetalTile,yes,1.150,0.910,1.000,1.000,0.910,28.6,31.4,1.099
Duck,Taloned_Small,SilverTile,yes,1.150,0.910,1.000,1.000,0.910,28.6,31.4,1.099
Duck,Taloned_Small,SterileTile,yes,1.150,0.910,1.000,1.000,0.910,28.6,31.4,1.099
Duck,Taloned_Small,Bridge,yes,1.150,0.910,1.000,1.000,0.910,28.6,31.4,1.099
Goose,Taloned_Medium,Soil,no,1.000,1.000,1.000,1.000,1.000,26.1,26.1,1.000
Goose,Taloned_Medium,SoilRich,no,1.000,1.000,1.000,1.000,1.000,26.1,26.1,1.000
Goose,Taloned_Medium,MossyTerrain,no,1.000,1.000,1.000,1.000,1.000,26.1,26.1,1.000
Goose,Taloned_Medium,Gravel,no,1.000,1.000,1.000,1.000,1.000,26.1,26.1,1.000
Goose,Taloned_Medium,Sand,no,1.000,1.000,1.000,1.000,1.000,26.1,26.1,1.000
Goose,Taloned_Medium,SoftSand,no,1.000,1.000,1.000,1.000,1.000,26.1,26.1,1.000
Goose,Taloned_Medium,Mud,no,1.000,1.000,1.000,1.000,1.000,26.1,26.1,1.000
Goose,Taloned_Medium,MarshyTerrain,no,1.000,1.000,1.000,1.000,1.000,26.1,26.1,1.000
Goose,Taloned_Medium,Ice,no,1.000,1.000,1.000,1.000,1.000,26.1,26.1,1.000
Goose,Taloned_Medium,Riverbank,no,1.000,1.000,1.000,1.000,1.000,26.1,26.1,1.000
Goose,Taloned_Medium,PackedDirt,no,1.000,1.000,1.000,1.000,1.000,26.1,26.1,1.000
Goose,Taloned_Medium,BrokenAsphalt,no,1.000,1.000,1.000,1.000,1.000,26.1,26.1,1.000
Goose,Taloned_Medium,Sandstone_Rough,no,1.000,1.000,1.000,1.000,1.000,26.1,26.1,1.000
Goose,Taloned_Medium,Sandstone_RoughHewn,no,1.000,1.000,1.000,1.000,1.000,26.1,26.1,1.000
Goose,Taloned_Medium,Sandstone_Smooth,yes,1.150,0.940,1.000,1.000,0.940,26.1,27.8,1.064
Goose,Taloned_Medium,StrawMatting,yes,1.150,0.940,1.000,1.000,0.940,26.1,27.8,1.064
Goose,Taloned_Medium,WoodPlankFloor,yes,1.150,0.940,1.000,1.000,0.940,26.1,27.8,1.064
Goose,Taloned_Medium,Concrete,yes,1.150,0.940,1.000,1.000,0.940,26.1,27.8,1.064
Goose,Taloned_Medium,PavedTile,yes,1.150,0.940,1.000,1.000,0.940,26.1,27.8,1.064
Goose,Taloned_Medium,TileSandstone,yes,1.150,0.940,1.000,1.000,0.940,26.1,27.8,1.064
Goose,Taloned_Medium,FlagstoneSandstone,yes,1.150,0.940,1.000,1.000,0.940,26.1,27.8,1.064
Goose,Taloned_Medium,MetalTile,yes,1.150,0.940,1.000,1.000,0.940,26.1,27.8,1.064
Goose,Taloned_Medium,SilverTile,yes,1.150,0.940,1.000,1.000,0.940,26.1,27.8,1.064
Goose,Taloned_Medium,SterileTile,yes,1.150,0.940,1.000,1.000,0.940,26.1,27.8,1.064
Goose,Taloned_Medium,Bridge,yes,1.150,0.940,1.000,1.000,0.940,26.1,27.8,1.064
Megascarab,Insectoid_Small,Soil,no,1.000,1.000,1.000,1.000,1.000,16.0,16.0,1.000
Megascarab,Insectoid_Small,SoilRich,no,1.000,1.000,1.000,1.000,1.000,16.0,16.0,1.000
Megascarab,Insectoid_Small,MossyTerrain,no,1.000,1.000,1.000,1.000,1.000,16.0,16.0,1.000
Megascarab,Insectoid_Small,Gravel,no,1.000,1.000,1.000,1.000,1.000,16.0,16.0,1.000
Megascarab,Insectoid_Small,Sand,no,1.000,1.000,1.000,1.000,1.000,16.0,16.0,1.000
Megascarab,Insectoid_Small,SoftSand,no,1.000,1.000,1.000,1.000,1.000,16.0,16.0,1.000
Megascarab,Insectoid_Small,Mud,no,1.000,1.000,1.000,1.000,1.000,16.0,16.0,1.000
Megascarab,Insectoid_Small,MarshyTerrain,no,1.000,1.000,1.000,1.000,1.000,16.0,16.0,1.000
Megascarab,Insectoid_Small,Ice,no,1.000,1.000,1.000,1.000,1.000,16.0,16.0,1.000
Megascarab,Insectoid_Small,Riverbank,no,1.000,1.000,1.000,1.000,1.000,16.0,16.0,1.000
Megascarab,Insectoid_Small,PackedDirt,no,1.000,1.000,1.000,1.000,1.000,16.0,16.0,1.000
Megascarab,Insectoid_Small,BrokenAsphalt,no,1.000,1.000,1.000,1.000,1.000,16.0,16.0,1.000
Megascarab,Insectoid_Small,Sandstone_Rough,no,1.000,1.000,1.000,1.000,1.000,16.0,16.0,1.000
Megascarab,Insectoid_Small,Sandstone_RoughHewn,no,1.000,1.000,1.000,1.000,1.000,16.0,16.0,1.000
Megascarab,Insectoid_Small,Sandstone_Smooth,yes,1.150,1.150,1.000,1.000,1.150,16.0,13.9,0.870
Megascarab,Insectoid_Small,StrawMatting,yes,1.150,1.150,1.000,1.000,1.150,16.0,13.9,0.870
Megascarab,Insectoid_Small,WoodPlankFloor,yes,1.150,1.150,1.000,1.000,1.150,16.0,13.9,0.870
Megascarab,Insectoid_Small,Concrete,yes,1.150,1.150,1.000,1.000,1.150,16.0,13.9,0.870
Megascarab,Insectoid_Small,PavedTile,yes,1.150,1.150,1.000,1.000,1.150,16.0,13.9,0.870
Megascarab,Insectoid_Small,TileSandstone,yes,1.150,1.150,1.000,1.000,1.150,16.0,13.9,0.870
Megascarab,Insectoid_Small,FlagstoneSandstone,yes,1.150,1.150,1.000,1.000,1.150,16.0,13.9,0.870
Megascarab,Insectoid_Small,MetalTile,yes,1.150,1.150,1.000,1.000,1.150,16.0,13.9,0.870
Megascarab,Insectoid_Small,SilverTile,yes,1.150,1.150,1.000,1.000,1.150,16.0,13.9,0.870
Megascarab,Insectoid_Small,SterileTile,yes,1.150,1.150,1.000,1.000,1.150,16.0,13.9,0.870
Megascarab,Insectoid_Small,Bridge,yes,1.150,1.150,1.000,1.000,1.150,16.0,13.9,0.870
Megaspider,Insectoid_Medium,Soil,no,1.000,1.000,1.000,1.000,1.000,16.7,16.7,1.000
Megaspider,Insectoid_Medium,SoilRich,no,1.000,1.000,1.000,1.000,1.000,16.7,16.7,1.000
Megaspider,Insectoid_Medium,MossyTerrain,no,1.000,1.000,1.000,1.000,1.000,16.7,16.7,1.000
Megaspider,Insectoid_Medium,Gravel,no,1.000,1.000,1.000,1.000,1.000,16.7,16.7,1.000
Megaspider,Insectoid_Medium,Sand,no,1.000,1.000,1.000,1.000,1.000,16.7,16.7,1.000
Megaspider,Insectoid_Medium,SoftSand,no,1.000,1.000,1.000,1.000,1.000,16.7,16.7,1.000
Megaspider,Insectoid_Medium,Mud,no,1.000,1.000,1.000,1.000,1.000,16.7,16.7,1.000
Megaspider,Insectoid_Medium,MarshyTerrain,no,1.000,1.000,1.000,1.000,1.000,16.7,16.7,1.000
Megaspider,Insectoid_Medium,Ice,no,1.000,1.000,1.000,1.000,1.000,16.7,16.7,1.000
Megaspider,Insectoid_Medium,Riverbank,no,1.000,1.000,1.000,1.000,1.000,16.7,16.7,1.000
Megaspider,Insectoid_Medium,PackedDirt,no,1.000,1.000,1.000,1.000,1.000,16.7,16.7,1.000
Megaspider,Insectoid_Medium,BrokenAsphalt,no,1.000,1.000,1.000,1.000,1.000,16.7,16.7,1.000
Megaspider,Insectoid_Medium,Sandstone_Rough,no,1.000,1.000,1.000,1.000,1.000,16.7,16.7,1.000
Megaspider,Insectoid_Medium,Sandstone_RoughHewn,no,1.000,1.000,1.000,1.000,1.000,16.7,16.7,1.000
Megaspider,Insectoid_Medium,Sandstone_Smooth,yes,1.150,1.150,1.000,1.000,1.150,16.7,14.5,0.870
Megaspider,Insectoid_Medium,StrawMatting,yes,1.150,1.150,1.000,1.000,1.150,16.7,14.5,0.870
Megaspider,Insectoid_Medium,WoodPlankFloor,yes,1.150,1.150,1.000,1.000,1.150,16.7,14.5,0.870
Megaspider,Insectoid_Medium,Concrete,yes,1.150,1.150,1.000,1.000,1.150,16.7,14.5,0.870
Megaspider,Insectoid_Medium,PavedTile,yes,1.150,1.150,1.000,1.000,1.150,16.7,14.5,0.870
Megaspider,Insectoid_Medium,TileSandstone,yes,1.150,1.150,1.000,1.000,1.150,16.7,14.5,0.870
Megaspider,Insectoid_Medium,FlagstoneSandstone,yes,1.150,1.150,1.000,1.000,1.150,16.7,14.5,0.870
Megaspider,Insectoid_Medium,MetalTile,yes,1.150,1.150,1.000,1.000,1.150,16.7,14.5,0.870
Megaspider,Insectoid_Medium,SilverTile,yes,1.150,1.150,1.000,1.000,1.150,16.7,14.5,0.870
Megaspider,Insectoid_Medium,SterileTile,yes,1.150,1.150,1.000,1.000,1.150,16.7,14.5,0.870
Megaspider,Insectoid_Medium,Bridge,yes,1.150,1.150,1.000,1.000,1.150,16.7,14.5,0.870
Spelopede,Insectoid_Medium,Soil,no,1.000,1.000,1.000,1.000,1.000,16.4,16.4,1.000
Spelopede,Insectoid_Medium,SoilRich,no,1.000,1.000,1.000,1.000,1.000,16.4,16.4,1.000
Spelopede,Insectoid_Medium,MossyTerrain,no,1.000,1.000,1.000,1.000,1.000,16.4,16.4,1.000
Spelopede,Insectoid_Medium,Gravel,no,1.000,1.000,1.000,1.000,1.000,16.4,16.4,1.000
Spelopede,Insectoid_Medium,Sand,no,1.000,1.000,1.000,1.000,1.000,16.4,16.4,1.000
Spelopede,Insectoid_Medium,SoftSand,no,1.000,1.000,1.000,1.000,1.000,16.4,16.4,1.000
Spelopede,Insectoid_Medium,Mud,no,1.000,1.000,1.000,1.000,1.000,16.4,16.4,1.000
Spelopede,Insectoid_Medium,MarshyTerrain,no,1.000,1.000,1.000,1.000,1.000,16.4,16.4,1.000
Spelopede,Insectoid_Medium,Ice,no,1.000,1.000,1.000,1.000,1.000,16.4,16.4,1.000
Spelopede,Insectoid_Medium,Riverbank,no,1.000,1.000,1.000,1.000,1.000,16.4,16.4,1.000
Spelopede,Insectoid_Medium,PackedDirt,no,1.000,1.000,1.000,1.000,1.000,16.4,16.4,1.000
Spelopede,Insectoid_Medium,BrokenAsphalt,no,1.000,1.000,1.000,1.000,1.000,16.4,16.4,1.000
Spelopede,Insectoid_Medium,Sandstone_Rough,no,1.000,1.000,1.000,1.000,1.000,16.4,16.4,1.000
Spelopede,Insectoid_Medium,Sandstone_RoughHewn,no,1.000,1.000,1.000,1.000,1.000,16.4,16.4,1.000
Spelopede,Insectoid_Medium,Sandstone_Smooth,yes,1.150,1.150,1.000,1.000,1.150,16.4,14.3,0.870
Spelopede,Insectoid_Medium,StrawMatting,yes,1.150,1.150,1.000,1.000,1.150,16.4,14.3,0.870
Spelopede,Insectoid_Medium,WoodPlankFloor,yes,1.150,1.150,1.000,1.000,1.150,16.4,14.3,0.870
Spelopede,Insectoid_Medium,Concrete,yes,1.150,1.150,1.000,1.000,1.150,16.4,14.3,0.870
Spelopede,Insectoid_Medium,PavedTile,yes,1.150,1.150,1.000,1.000,1.150,16.4,14.3,0.870
Spelopede,Insectoid_Medium,TileSandstone,yes,1.150,1.150,1.000,1.000,1.150,16.4,14.3,0.870
Spelopede,Insectoid_Medium,FlagstoneSandstone,yes,1.150,1.150,1.000,1.000,1.150,16.4,14.3,0.870
Spelopede,Insectoid_Medium,MetalTile,yes,1.150,1.150,1.000,1.000,1.150,16.4,14.3,0.870
Spelopede,Insectoid_Medium,SilverTile,yes,1.150,1.150,1.000,1.000,1.150,16.4,14.3,0.870
Spelopede,Insectoid_Medium,SterileTile,yes,1.150,1.150,1.000,1.000,1.150,16.4,14.3,0.870
Spelopede,Insectoid_Medium,Bridge,yes,1.150,1.150,1.000,1.000,1.150,16.4,14.3,0.870
Toughspike,Other_Medium,Soil,no,1.000,1.000,1.000,1.000,1.000,14.0,14.0,1.000
Toughspike,Other_Medium,SoilRich,no,1.000,1.000,1.000,1.000,1.000,14.0,14.0,1.000
Toughspike,Other_Medium,MossyTerrain,no,1.000,1.000,1.000,1.000,1.000,14.0,14.0,1.000
Toughspike,Other_Medium,Gravel,no,1.000,1.000,1.000,1.000,1.000,14.0,14.0,1.000
Toughspike,Other_Medium,Sand,no,1.000,1.000,1.000,1.000,1.000,14.0,14.0,1.000
Toughspike,Other_Medium,SoftSand,no,1.000,1.000,1.000,1.000,1.000,14.0,14.0,1.000
Toughspike,Other_Medium,Mud,no,1.000,1.000,1.000,1.000,1.000,14.0,14.0,1.000
Toughspike,Other_Medium,MarshyTerrain,no,1.000,1.000,1.000,1.000,1.000,14.0,14.0,1.000
Toughspike,Other_Medium,Ice,no,1.000,1.000,1.000,1.000,1.000,14.0,14.0,1.000
Toughspike,Other_Medium,Riverbank,no,1.000,1.000,1.000,1.000,1.000,14.0,14.0,1.000
Toughspike,Other_Medium,PackedDirt,no,1.000,1.000,1.000,1.000,1.000,14.0,14.0,1.000
Toughspike,Other_Medium,BrokenAsphalt,no,1.000,1.000,1.000,1.000,1.000,14.0,14.0,1.000
Toughspike,Other_Medium,Sandstone_Rough,no,1.000,1.000,1.000,1.000,1.000,14.0,14.0,1.000
Toughspike,Other_Medium,Sandstone_RoughHewn,no,1.000,1.000,1.000,1.000,1.000,14.0,14.0,1.000
Toughspike,Other_Medium,Sandstone_Smooth,yes,1.150,1.150,1.000,1.000,1.150,14.0,12.1,0.870
Toughspike,Other_Medium,StrawMatting,yes,1.150,1.150,1.000,1.000,1.150,14.0,12.1,0.870
Toughspike,Other_Medium,WoodPlankFloor,yes,1.150,1.150,1.000,1.000,1.150,14.0,12.1,0.870
Toughspike,Other_Medium,Concrete,yes,1.150,1.150,1.000,1.000,1.150,14.0,12.1,0.870
Toughspike,Other_Medium,PavedTile,yes,1.150,1.150,1.000,1.000,1.150,14.0,12.1,0.870
Toughspike,Other_Medium,TileSandstone,yes,1.150,1.150,1.000,1.000,1.150,14.0,12.1,0.870
Toughspike,Other_Medium,FlagstoneSandstone,yes,1.150,1.150,1.000,1.000,1.150,14.0,12.1,0.870
Toughspike,Other_Medium,MetalTile,yes,1.150,1.150,1.000,1.000,1.150,14.0,12.1,0.870
Toughspike,Other_Medium,SilverTile,yes,1.150,1.150,1.000,1.000,1.150,14.0,12.1,0.870
Toughspike,Other_Medium,SterileTile,yes,1.150,1.150,1.000,1.000,1.150,14.0,12.1,0.870
Toughspike,Other_Medium,Bridge,yes,1.150,1.150,1.000,1.000,1.150,14.0,12.1,0.870
StoneCrab,Shelled_Small,Soil,no,1.000,1.000,1.000,1.000,1.000,27.3,27.3,1.000
StoneCrab,Shelled_Small,SoilRich,no,1.000,1.000,1.000,1.000,1.000,27.3,27.3,1.000
StoneCrab,Shelled_Small,MossyTerrain,no,1.000,1.000,1.000,1.000,1.000,27.3,27.3,1.000
StoneCrab,Shelled_Small,Gravel,no,1.000,1.000,1.000,1.000,1.000,27.3,27.3,1.000
StoneCrab,Shelled_Small,Sand,no,1.000,1.000,1.000,1.000,1.000,27.3,27.3,1.000
StoneCrab,Shelled_Small,SoftSand,no,1.000,1.000,1.000,1.000,1.000,27.3,27.3,1.000
StoneCrab,Shelled_Small,Mud,no,1.000,1.000,1.000,1.000,1.000,27.3,27.3,1.000
StoneCrab,Shelled_Small,MarshyTerrain,no,1.000,1.000,1.000,1.000,1.000,27.3,27.3,1.000
StoneCrab,Shelled_Small,Ice,no,1.000,1.000,1.000,1.000,1.000,27.3,27.3,1.000
StoneCrab,Shelled_Small,Riverbank,no,1.000,1.000,1.000,1.000,1.000,27.3,27.3,1.000
StoneCrab,Shelled_Small,PackedDirt,no,1.000,1.000,1.000,1.000,1.000,27.3,27.3,1.000
StoneCrab,Shelled_Small,BrokenAsphalt,no,1.000,1.000,1.000,1.000,1.000,27.3,27.3,1.000
StoneCrab,Shelled_Small,Sandstone_Rough,no,1.000,1.000,1.000,1.000,1.000,27.3,27.3,1.000
StoneCrab,Shelled_Small,Sandstone_RoughHewn,no,1.000,1.000,1.000,1.000,1.000,27.3,27.3,1.000
StoneCrab,Shelled_Small,Sandstone_Smooth,yes,1.150,1.038,1.000,1.000,1.038,27.3,26.3,0.964
StoneCrab,Shelled_Small,StrawMatting,yes,1.150,1.038,1.000,1.000,1.038,27.3,26.3,0.964
StoneCrab,Shelled_Small,WoodPlankFloor,yes,1.150,1.038,1.000,1.000,1.038,27.3,26.3,0.964
StoneCrab,Shelled_Small,Concrete,yes,1.150,1.038,1.000,1.000,1.038,27.3,26.3,0.964
StoneCrab,Shelled_Small,PavedTile,yes,1.150,1.038,1.000,1.000,1.038,27.3,26.3,0.964
StoneCrab,Shelled_Small,TileSandstone,yes,1.150,1.038,1.000,1.000,1.038,27.3,26.3,0.964
StoneCrab,Shelled_Small,FlagstoneSandstone,yes,1.150,1.038,1.000,1.000,1.038,27.3,26.3,0.964
StoneCrab,Shelled_Small,MetalTile,yes,1.150,1.038,1.000,1.000,1.038,27.3,26.3,0.964
StoneCrab,Shelled_Small,SilverTile,yes,1.150,1.038,1.000,1.000,1.038,27.3,26.3,0.964
StoneCrab,Shelled_Small,SterileTile,yes,1.150,1.038,1.000,1.000,1.038,27.3,26.3,0.964
StoneCrab,Shelled_Small,Bridge,yes,1.150,1.038,1.000,1.000,1.038,27.3,26.3,0.964
Tortoise,Shelled_Medium,Soil,no,1.000,1.000,1.000,1.000,1.000,60.0,60.0,1.000
Tortoise,Shelled_Medium,SoilRich,no,1.000,1.000,1.000,1.000,1.000,60.0,60.0,1.000
Tortoise,Shelled_Medium,MossyTerrain,no,1.000,1.000,1.000,1.000,1.000,60.0,60.0,1.000
Tortoise,Shelled_Medium,Gravel,no,1.000,1.000,1.000,1.000,1.000,60.0,60.0,1.000
Tortoise,Shelled_Medium,Sand,no,1.000,1.000,1.000,1.000,1.000,60.0,60.0,1.000
Tortoise,Shelled_Medium,SoftSand,no,1.000,1.000,1.000,1.000,1.000,60.0,60.0,1.000
Tortoise,Shelled_Medium,Mud,no,1.000,1.000,1.000,1.000,1.000,60.0,60.0,1.000
Tortoise,Shelled_Medium,MarshyTerrain,no,1.000,1.000,1.000,1.000,1.000,60.0,60.0,1.000
Tortoise,Shelled_Medium,Ice,no,1.000,1.000,1.000,1.000,1.000,60.0,60.0,1.000
Tortoise,Shelled_Medium,Riverbank,no,1.000,1.000,1.000,1.000,1.000,60.0,60.0,1.000
Tortoise,Shelled_Medium,PackedDirt,no,1.000,1.000,1.000,1.000,1.000,60.0,60.0,1.000
Tortoise,Shelled_Medium,BrokenAsphalt,no,1.000,1.000,1.000,1.000,1.000,60.0,60.0,1.000
Tortoise,Shelled_Medium,Sandstone_Rough,no,1.000,1.000,1.000,1.000,1.000,60.0,60.0,1.000
Tortoise,Shelled_Medium,Sandstone_RoughHewn,no,1.000,1.000,1.000,1.000,1.000,60.0,60.0,1.000
Tortoise,Shelled_Medium,Sandstone_Smooth,yes,1.150,1.038,1.000,1.000,1.038,60.0,57.8,0.964
Tortoise,Shelled_Medium,StrawMatting,yes,1.150,1.038,1.000,1.000,1.038,60.0,57.8,0.964
Tortoise,Shelled_Medium,WoodPlankFloor,yes,1.150,1.038,1.000,1.000,1.038,60.0,57.8,0.964
Tortoise,Shelled_Medium,Concrete,yes,1.150,1.038,1.000,1.000,1.038,60.0,57.8,0.964
Tortoise,Shelled_Medium,PavedTile,yes,1.150,1.038,1.000,1.000,1.038,60.0,57.8,0.964
Tortoise,Shelled_Medium,TileSandstone,yes,1.150,1.038,1.000,1.000,1.038,60.0,57.8,0.964
Tortoise,Shelled_Medium,FlagstoneSandstone,yes,1.150,1.038,1.000,1.000,1.038,60.0,57.8,0.964
Tortoise,Shelled_Medium,MetalTile,yes,1.150,1.038,1.000,1.000,1.038,60.0,57.8,0.964
Tortoise,Shelled_Medium,SilverTile,yes,1.150,1.038,1.000,1.000,1.038,60.0,57.8,0.964
Tortoise,Shelled_Medium,SterileTile,yes,1.150,1.038,1.000,1.000,1.038,60.0,57.8,0.964
Tortoise,Shelled_Medium,Bridge,yes,1.150,1.038,1.000,1.000,1.038,60.0,57.8,0.964
Seal,Shelled_Medium,Soil,no,1.000,1.000,1.000,1.000,1.000,23.1,23.1,1.000
Seal,Shelled_Medium,SoilRich,no,1.000,1.000,1.000,1.000,1.000,23.1,23.1,1.000
Seal,Shelled_Medium,MossyTerrain,no,1.000,1.000,1.000,1.000,1.000,23.1,23.1,1.000
Seal,Shelled_Medium,Gravel,no,1.000,1.000,1.000,1.000,1.000,23.1,23.1,1.000
Seal,Shelled_Medium,Sand,no,1.000,1.000,1.000,1.000,1.000,23.1,23.1,1.000
Seal,Shelled_Medium,SoftSand,no,1.000,1.000,1.000,1.000,1.000,23.1,23.1,1.000
Seal,Shelled_Medium,Mud,no,1.000,1.000,1.000,1.000,1.000,23.1,23.1,1.000
Seal,Shelled_Medium,MarshyTerrain,no,1.000,1.000,1.000,1.000,1.000,23.1,23.1,1.000
Seal,Shelled_Medium,Ice,no,1.000,1.000,1.000,1.000,1.000,23.1,23.1,1.000
Seal,Shelled_Medium,Riverbank,no,1.000,1.000,1.000,1.000,1.000,23.1,23.1,1.000
Seal,Shelled_Medium,PackedDirt,no,1.000,1.000,1.000,1.000,1.000,23.1,23.1,1.000
Seal,Shelled_Medium,BrokenAsphalt,no,1.000,1.000,1.000,1.000,1.000,23.1,23.1,1.000
Seal,Shelled_Medium,Sandstone_Rough,no,1.000,1.000,1.000,1.000,1.000,23.1,23.1,1.000
Seal,Shelled_Medium,Sandstone_RoughHewn,no,1.000,1.000,1.000,1.000,1.000,23.1,23.1,1.000
Seal,Shelled_Medium,Sandstone_Smooth,yes,1.150,1.038,1.000,1.000,1.038,23.1,22.2,0.964
Seal,Shelled_Medium,StrawMatting,yes,1.150,1.038,1.000,1.000,1.038,23.1,22.2,0.964
Seal,Shelled_Medium,WoodPlankFloor,yes,1.150,1.038,1.000,1.000,1.038,23.1,22.2,0.964
Seal,Shelled_Medium,Concrete,yes,1.150,1.038,1.000,1.000,1.038,23.1,22.2,0.964
Seal,Shelled_Medium,PavedTile,yes,1.150,1.038,1.000,1.000,1.038,23.1,22.2,0.964
Seal,Shelled_Medium,TileSandstone,yes,1.150,1.038,1.000,1.000,1.038,23.1,22.2,0.964
Seal,Shelled_Medium,FlagstoneSandstone,yes,1.150,1.038,1.000,1.000,1.038,23.1,22.2,0.964
Seal,Shelled_Medium,MetalTile,yes,1.150,1.038,1.000,1.000,1.038,23.1,22.2,0.964
Seal,Shelled_Medium,SilverTile,yes,1.150,1.038,1.000,1.000,1.038,23.1,22.2,0.964
Seal,Shelled_Medium,SterileTile,yes,1.150,1.038,1.000,1.000,1.038,23.1,22.2,0.964
Seal,Shelled_Medium,Bridge,yes,1.150,1.038,1.000,1.000,1.038,23.1,22.2,0.964
Walrus,Shelled_Large,Soil,no,1.000,1.000,1.000,1.000,1.000,26.1,26.1,1.000
Walrus,Shelled_Large,SoilRich,no,1.000,1.000,1.000,1.000,1.000,26.1,26.1,1.000
Walrus,Shelled_Large,MossyTerrain,no,1.000,1.000,1.000,1.000,1.000,26.1,26.1,1.000
Walrus,Shelled_Large,Gravel,no,1.000,1.000,1.000,1.000,1.000,26.1,26.1,1.000
Walrus,Shelled_Large,Sand,no,1.000,1.000,1.000,1.000,1.000,26.1,26.1,1.000
Walrus,Shelled_Large,SoftSand,no,1.000,1.000,1.000,1.000,1.000,26.1,26.1,1.000
Walrus,Shelled_Large,Mud,no,1.000,1.000,1.000,1.000,1.000,26.1,26.1,1.000
Walrus,Shelled_Large,MarshyTerrain,no,1.000,1.000,1.000,1.000,1.000,26.1,26.1,1.000
Walrus,Shelled_Large,Ice,no,1.000,1.000,1.000,1.000,1.000,26.1,26.1,1.000
Walrus,Shelled_Large,Riverbank,no,1.000,1.000,1.000,1.000,1.000,26.1,26.1,1.000
Walrus,Shelled_Large,PackedDirt,no,1.000,1.000,1.000,1.000,1.000,26.1,26.1,1.000
Walrus,Shelled_Large,BrokenAsphalt,no,1.000,1.000,1.000,1.000,1.000,26.1,26.1,1.000
Walrus,Shelled_Large,Sandstone_Rough,no,1.000,1.000,1.000,1.000,1.000,26.1,26.1,1.000
Walrus,Shelled_Large,Sandstone_RoughHewn,no,1.000,1.000,1.000,1.000,1.000,26.1,26.1,1.000
Walrus,Shelled_Large,Sandstone_Smooth,yes,1.150,1.038,1.000,1.000,1.038,26.1,25.1,0.964
Walrus,Shelled_Large,StrawMatting,yes,1.150,1.038,1.000,1.000,1.038,26.1,25.1,0.964
Walrus,Shelled_Large,WoodPlankFloor,yes,1.150,1.038,1.000,1.000,1.038,26.1,25.1,0.964
Walrus,Shelled_Large,Concrete,yes,1.150,1.038,1.000,1.000,1.038,26.1,25.1,0.964
Walrus,Shelled_Large,PavedTile,yes,1.150,1.038,1.000,1.000,1.038,26.1,25.1,0.964
Walrus,Shelled_Large,TileSandstone,yes,1.150,1.038,1.000,1.000,1.038,26.1,25.1,0.964
Walrus,Shelled_Large,FlagstoneSandstone,yes,1.150,1.038,1.000,1.000,1.038,26.1,25.1,0.964
Walrus,Shelled_Large,MetalTile,yes,1.150,1.038,1.000,1.000,1.038,26.1,25.1,0.964
Walrus,Shelled_Large,SilverTile,yes,1.150,1.038,1.000,1.000,1.038,26.1,25.1,0.964
Walrus,Shelled_Large,SterileTile,yes,1.150,1.038,1.000,1.000,1.038,26.1,25.1,0.964
Walrus,Shelled_Large,Bridge,yes,1.150,1.038,1.000,1.000,1.038,26.1,25.1,0.964
Cobra,Serpentine_Small,Soil,no,1.000,1.000,1.000,1.000,1.000,17.1,17.1,1.000
Cobra,Serpentine_Small,SoilRich,no,1.000,1.000,1.000,1.000,1.000,17.1,17.1,1.000
Cobra,Serpentine_Small,MossyTerrain,no,1.000,1.000,1.000,1.000,1.000,17.1,17.1,1.000
Cobra,Serpentine_Small,Gravel,no,1.000,1.000,1.000,1.000,1.000,17.1,17.1,1.000
Cobra,Serpentine_Small,Sand,no,1.000,1.000,1.000,1.000,1.000,17.1,17.1,1.000
Cobra,Serpentine_Small,SoftSand,no,1.000,1.000,1.000,1.000,1.000,17.1,17.1,1.000
Cobra,Serpentine_Small,Mud,no,1.000,1.000,1.000,1.000,1.000,17.1,17.1,1.000
Cobra,Serpentine_Small,MarshyTerrain,no,1.000,1.000,1.000,1.000,1.000,17.1,17.1,1.000
Cobra,Serpentine_Small,Ice,no,1.000,1.000,1.000,1.000,1.000,17.1,17.1,1.000
Cobra,Serpentine_Small,Riverbank,no,1.000,1.000,1.000,1.000,1.000,17.1,17.1,1.000
Cobra,Serpentine_Small,PackedDirt,no,1.000,1.000,1.000,1.000,1.000,17.1,17.1,1.000
Cobra,Serpentine_Small,BrokenAsphalt,no,1.000,1.000,1.000,1.000,1.000,17.1,17.1,1.000
Cobra,Serpentine_Small,Sandstone_Rough,no,1.000,1.000,1.000,1.000,1.000,17.1,17.1,1.000
Cobra,Serpentine_Small,Sandstone_RoughHewn,no,1.000,1.000,1.000,1.000,1.000,17.1,17.1,1.000
Cobra,Serpentine_Small,Sandstone_Smooth,yes,1.150,0.925,1.000,1.000,0.925,17.1,18.5,1.081
Cobra,Serpentine_Small,StrawMatting,yes,1.150,0.925,1.000,1.000,0.925,17.1,18.5,1.081
Cobra,Serpentine_Small,WoodPlankFloor,yes,1.150,0.925,1.000,1.000,0.925,17.1,18.5,1.081
Cobra,Serpentine_Small,Concrete,yes,1.150,0.925,1.000,1.000,0.925,17.1,18.5,1.081
Cobra,Serpentine_Small,PavedTile,yes,1.150,0.925,1.000,1.000,0.925,17.1,18.5,1.081
Cobra,Serpentine_Small,TileSandstone,yes,1.150,0.925,1.000,1.000,0.925,17.1,18.5,1.081
Cobra,Serpentine_Small,FlagstoneSandstone,yes,1.150,0.925,1.000,1.000,0.925,17.1,18.5,1.081
Cobra,Serpentine_Small,MetalTile,yes,1.150,0.925,1.000,1.000,0.925,17.1,18.5,1.081
Cobra,Serpentine_Small,SilverTile,yes,1.150,0.925,1.000,1.000,0.925,17.1,18.5,1.081
Cobra,Serpentine_Small,SterileTile,yes,1.150,0.925,1.000,1.000,0.925,17.1,18.5,1.081
Cobra,Serpentine_Small,Bridge,yes,1.150,0.925,1.000,1.000,0.925,17.1,18.5,1.081
Mech_Agrihand,Mechanoid_Medium,Soil,no,1.000,1.000,1.000,1.000,1.000,17.6,17.6,1.000
Mech_Agrihand,Mechanoid_Medium,SoilRich,no,1.000,1.000,1.000,1.000,1.000,17.6,17.6,1.000
Mech_Agrihand,Mechanoid_Medium,MossyTerrain,no,1.000,1.000,1.000,1.000,1.000,17.6,17.6,1.000
Mech_Agrihand,Mechanoid_Medium,Gravel,no,1.000,1.000,1.000,1.000,1.000,17.6,17.6,1.000
Mech_Agrihand,Mechanoid_Medium,Sand,no,1.000,1.000,1.000,1.000,1.000,17.6,17.6,1.000
Mech_Agrihand,Mechanoid_Medium,SoftSand,no,1.000,1.000,1.000,1.000,1.000,17.6,17.6,1.000
Mech_Agrihand,Mechanoid_Medium,Mud,no,1.000,1.000,1.000,1.000,1.000,17.6,17.6,1.000
Mech_Agrihand,Mechanoid_Medium,MarshyTerrain,no,1.000,1.000,1.000,1.000,1.000,17.6,17.6,1.000
Mech_Agrihand,Mechanoid_Medium,Ice,no,1.000,1.000,1.000,1.000,1.000,17.6,17.6,1.000
Mech_Agrihand,Mechanoid_Medium,Riverbank,no,1.000,1.000,1.000,1.000,1.000,17.6,17.6,1.000
Mech_Agrihand,Mechanoid_Medium,PackedDirt,no,1.000,1.000,1.000,1.000,1.000,17.6,17.6,1.000
Mech_Agrihand,Mechanoid_Medium,BrokenAsphalt,no,1.000,1.000,1.000,1.000,1.000,17.6,17.6,1.000
Mech_Agrihand,Mechanoid_Medium,Sandstone_Rough,no,1.000,1.000,1.000,1.000,1.000,17.6,17.6,1.000
Mech_Agrihand,Mechanoid_Medium,Sandstone_RoughHewn,no,1.000,1.000,1.000,1.000,1.000,17.6,17.6,1.000
Mech_Agrihand,Mechanoid_Medium,Sandstone_Smooth,yes,1.150,1.188,1.000,1.000,1.188,17.6,14.9,0.842
Mech_Agrihand,Mechanoid_Medium,StrawMatting,yes,1.150,1.188,1.000,1.000,1.188,17.6,14.9,0.842
Mech_Agrihand,Mechanoid_Medium,WoodPlankFloor,yes,1.150,1.188,1.000,1.000,1.188,17.6,14.9,0.842
Mech_Agrihand,Mechanoid_Medium,Concrete,yes,1.150,1.188,1.000,1.000,1.188,17.6,14.9,0.842
Mech_Agrihand,Mechanoid_Medium,PavedTile,yes,1.150,1.188,1.000,1.000,1.188,17.6,14.9,0.842
Mech_Agrihand,Mechanoid_Medium,TileSandstone,yes,1.150,1.188,1.000,1.000,1.188,17.6,14.9,0.842
Mech_Agrihand,Mechanoid_Medium,FlagstoneSandstone,yes,1.150,1.188,1.000,1.000,1.188,17.6,14.9,0.842
Mech_Agrihand,Mechanoid_Medium,MetalTile,yes,1.150,1.188,1.000,1.000,1.188,17.6,14.9,0.842
Mech_Agrihand,Mechanoid_Medium,SilverTile,yes,1.150,1.188,1.000,1.000,1.188,17.6,14.9,0.842
Mech_Agrihand,Mechanoid_Medium,SterileTile,yes,1.150,1.188,1.000,1.000,1.188,17.6,14.9,0.842
Mech_Agrihand,Mechanoid_Medium,Bridge,yes,1.150,1.188,1.000,1.000,1.188,17.6,14.9,0.842
Mech_Centurion,Mechanoid_Large,Soil,no,1.000,1.000,1.000,1.000,1.000,37.5,37.5,1.000
Mech_Centurion,Mechanoid_Large,SoilRich,no,1.000,1.000,1.000,1.000,1.000,37.5,37.5,1.000
Mech_Centurion,Mechanoid_Large,MossyTerrain,no,1.000,1.000,1.000,1.000,1.000,37.5,37.5,1.000
Mech_Centurion,Mechanoid_Large,Gravel,no,1.000,1.000,1.000,1.000,1.000,37.5,37.5,1.000
Mech_Centurion,Mechanoid_Large,Sand,no,1.000,1.000,1.000,1.000,1.000,37.5,37.5,1.000
Mech_Centurion,Mechanoid_Large,SoftSand,no,1.000,1.000,1.000,1.000,1.000,37.5,37.5,1.000
Mech_Centurion,Mechanoid_Large,Mud,no,1.000,1.000,1.000,1.000,1.000,37.5,37.5,1.000
Mech_Centurion,Mechanoid_Large,MarshyTerrain,no,1.000,1.000,1.000,1.000,1.000,37.5,37.5,1.000
Mech_Centurion,Mechanoid_Large,Ice,no,1.000,1.000,1.000,1.000,1.000,37.5,37.5,1.000
Mech_Centurion,Mechanoid_Large,Riverbank,no,1.000,1.000,1.000,1.000,1.000,37.5,37.5,1.000
Mech_Centurion,Mechanoid_Large,PackedDirt,no,1.000,1.000,1.000,1.000,1.000,37.5,37.5,1.000
Mech_Centurion,Mechanoid_Large,BrokenAsphalt,no,1.000,1.000,1.000,1.000,1.000,37.5,37.5,1.000
Mech_Centurion,Mechanoid_Large,Sandstone_Rough,no,1.000,1.000,1.000,1.000,1.000,37.5,37.5,1.000
Mech_Centurion,Mechanoid_Large,Sandstone_RoughHewn,no,1.000,1.000,1.000,1.000,1.000,37.5,37.5,1.000
Mech_Centurion,Mechanoid_Large,Sandstone_Smooth,yes,1.150,1.188,1.000,1.000,1.188,37.5,31.6,0.842
Mech_Centurion,Mechanoid_Large,StrawMatting,yes,1.150,1.188,1.000,1.000,1.188,37.5,31.6,0.842
Mech_Centurion,Mechanoid_Large,WoodPlankFloor,yes,1.150,1.188,1.000,1.000,1.188,37.5,31.6,0.842
Mech_Centurion,Mechanoid_Large,Concrete,yes,1.150,1.188,1.000,1.000,1.188,37.5,31.6,0.842
Mech_Centurion,Mechanoid_Large,PavedTile,yes,1.150,1.188,1.000,1.000,1.188,37.5,31.6,0.842
Mech_Centurion,Mechanoid_Large,TileSandstone,yes,1.150,1.188,1.000,1.000,1.188,37.5,31.6,0.842
Mech_Centurion,Mechanoid_Large,FlagstoneSandstone,yes,1.150,1.188,1.000,1.000,1.188,37.5,31.6,0.842
Mech_Centurion,Mechanoid_Large,MetalTile,yes,1.150,1.188,1.000,1.000,1.188,37.5,31.6,0.842
Mech_Centurion,Mechanoid_Large,SilverTile,yes,1.150,1.188,1.000,1.000,1.188,37.5,31.6,0.842
Mech_Centurion,Mechanoid_Large,SterileTile,yes,1.150,1.188,1.000,1.000,1.188,37.5,31.6,0.842
Mech_Centurion,Mechanoid_Large,Bridge,yes,1.150,1.188,1.000,1.000,1.188,37.5,31.6,0.842
